,precision,recall,f1-score,support
The Eiffel Tower,0.8297872340425532,0.8931297709923665,0.8602941176470589,131.0
The Great Wall of China,0.3282442748091603,0.3115942028985507,0.31970260223048325,138.0
The Mona Lisa,0.7804878048780488,0.9014084507042254,0.8366013071895425,142.0
aircraft carrier,0.4925373134328358,0.20625,0.2907488986784141,160.0
airplane,0.7309941520467836,0.8333333333333334,0.778816199376947,150.0
alarm clock,0.7755102040816326,0.7450980392156863,0.76,153.0
ambulance,0.6456692913385826,0.6259541984732825,0.6356589147286822,131.0
angel,0.8092105263157895,0.8424657534246576,0.825503355704698,146.0
animal migration,0.5300546448087432,0.5878787878787879,0.5574712643678161,165.0
ant,0.8322147651006712,0.7380952380952381,0.7823343848580442,168.0
anvil,0.8525641025641025,0.8209876543209876,0.8364779874213837,162.0
apple,0.896551724137931,0.8387096774193549,0.8666666666666667,155.0
arm,0.7407407407407407,0.6451612903225806,0.6896551724137931,155.0
asparagus,0.6106194690265486,0.45695364238410596,0.5227272727272727,151.0
axe,0.6733333333333333,0.7651515151515151,0.7163120567375887,132.0
backpack,0.7569444444444444,0.7218543046357616,0.7389830508474576,151.0
banana,0.696551724137931,0.6601307189542484,0.6778523489932886,153.0
bandage,0.856,0.7697841726618705,0.8106060606060606,139.0
barn,0.7419354838709677,0.7278481012658228,0.7348242811501597,158.0
baseball,0.7891156462585034,0.7160493827160493,0.7508090614886731,162.0
baseball bat,0.6666666666666666,0.704225352112676,0.684931506849315,142.0
basket,0.7043478260869566,0.6585365853658537,0.680672268907563,123.0
basketball,0.6363636363636364,0.7046979865771812,0.6687898089171974,149.0
bat,0.6836734693877551,0.5491803278688525,0.6090909090909091,122.0
bathtub,0.6097560975609756,0.5725190839694656,0.5905511811023622,131.0
beach,0.5277777777777778,0.42857142857142855,0.4730290456431535,133.0
bear,0.35353535353535354,0.2916666666666667,0.319634703196347,120.0
beard,0.7039473684210527,0.7535211267605634,0.7278911564625851,142.0
bed,0.7828947368421053,0.8263888888888888,0.8040540540540541,144.0
bee,0.7586206896551724,0.8396946564885496,0.7971014492753623,131.0
belt,0.6993006993006993,0.6535947712418301,0.6756756756756757,153.0
bench,0.6542056074766355,0.5263157894736842,0.5833333333333334,133.0
bicycle,0.7443609022556391,0.7388059701492538,0.7415730337078652,134.0
binoculars,0.7142857142857143,0.7786885245901639,0.7450980392156863,122.0
bird,0.5042016806722689,0.4838709677419355,0.49382716049382713,124.0
birthday cake,0.5793103448275863,0.56,0.5694915254237288,150.0
blackberry,0.5379310344827586,0.4936708860759494,0.5148514851485149,158.0
blueberry,0.5986842105263158,0.6232876712328768,0.610738255033557,146.0
book,0.782258064516129,0.7578125,0.7698412698412699,128.0
boomerang,0.6428571428571429,0.7443609022556391,0.6898954703832753,133.0
bottlecap,0.8309859154929577,0.4097222222222222,0.5488372093023256,144.0
bowtie,0.9716312056737588,0.8954248366013072,0.9319727891156463,153.0
bracelet,0.625,0.6818181818181818,0.6521739130434783,154.0
brain,0.5962732919254659,0.6442953020134228,0.6193548387096774,149.0
bread,0.6875,0.5833333333333334,0.6311475409836066,132.0
bridge,0.635593220338983,0.5555555555555556,0.5928853754940712,135.0
broccoli,0.78125,0.704225352112676,0.7407407407407407,142.0
broom,0.6776315789473685,0.6866666666666666,0.6821192052980133,150.0
bucket,0.6993006993006993,0.7092198581560284,0.704225352112676,141.0
bulldozer,0.717741935483871,0.7416666666666667,0.7295081967213115,120.0
bus,0.53,0.35570469798657717,0.42570281124497994,149.0
bush,0.6666666666666666,0.5294117647058824,0.5901639344262295,136.0
butterfly,0.84,0.9130434782608695,0.875,138.0
cactus,0.8421052631578947,0.8648648648648649,0.8533333333333334,148.0
cake,0.5491803278688525,0.4855072463768116,0.5153846153846153,138.0
calculator,0.7559523809523809,0.8355263157894737,0.79375,152.0
calendar,0.544,0.48226950354609927,0.5112781954887218,141.0
camel,0.8705035971223022,0.8642857142857143,0.8673835125448028,140.0
camera,0.8211920529801324,0.8611111111111112,0.8406779661016949,144.0
camouflage,0.22789115646258504,0.41358024691358025,0.29385964912280704,162.0
campfire,0.7177914110429447,0.8297872340425532,0.7697368421052632,141.0
candle,0.622093023255814,0.7985074626865671,0.6993464052287581,134.0
cannon,0.7046979865771812,0.7094594594594594,0.7070707070707071,148.0
canoe,0.6506849315068494,0.6418918918918919,0.6462585034013606,148.0
car,0.6223404255319149,0.7748344370860927,0.6902654867256637,151.0
carrot,0.8040540540540541,0.8321678321678322,0.8178694158075601,143.0
castle,0.7041420118343196,0.8380281690140845,0.7652733118971061,142.0
cat,0.6178861788617886,0.5846153846153846,0.6007905138339921,130.0
ceiling fan,0.7054263565891473,0.728,0.7165354330708661,125.0
cell phone,0.6407185628742516,0.7588652482269503,0.6948051948051948,141.0
cello,0.5563380281690141,0.5766423357664233,0.5663082437275986,137.0
chair,0.912,0.8636363636363636,0.8871595330739299,132.0
chandelier,0.7819548872180451,0.7272727272727273,0.7536231884057971,143.0
church,0.7909090909090909,0.6590909090909091,0.71900826446281,132.0
circle,0.6847290640394089,0.86875,0.7658402203856749,160.0
clarinet,0.5779816513761468,0.4117647058823529,0.48091603053435117,153.0
clock,0.8,0.8258064516129032,0.8126984126984127,155.0
cloud,0.6645161290322581,0.7103448275862069,0.6866666666666666,145.0
coffee cup,0.7345132743362832,0.503030303030303,0.5971223021582733,165.0
compass,0.6956521739130435,0.7832167832167832,0.7368421052631579,143.0
computer,0.7904761904761904,0.6484375,0.7124463519313304,128.0
cookie,0.7876712328767124,0.7666666666666667,0.777027027027027,150.0
cooler,0.5581395348837209,0.3137254901960784,0.401673640167364,153.0
couch,0.7777777777777778,0.7777777777777778,0.7777777777777778,144.0
cow,0.5212765957446809,0.7368421052631579,0.6105919003115264,133.0
crab,0.7222222222222222,0.7323943661971831,0.7272727272727273,142.0
crayon,0.49019607843137253,0.37037037037037035,0.4219409282700422,135.0
crocodile,0.6858974358974359,0.6645962732919255,0.6750788643533123,161.0
crown,0.9041095890410958,0.8918918918918919,0.8979591836734694,148.0
cruise ship,0.7424242424242424,0.7,0.7205882352941176,140.0
cup,0.6185567010309279,0.40540540540540543,0.4897959183673469,148.0
diamond,0.7679558011049724,0.9266666666666666,0.8398791540785498,150.0
dishwasher,0.5266666666666666,0.5939849624060151,0.558303886925795,133.0
diving board,0.7017543859649122,0.5369127516778524,0.6083650190114068,149.0
dog,0.5357142857142857,0.40268456375838924,0.45977011494252873,149.0
dolphin,0.676056338028169,0.7164179104477612,0.6956521739130435,134.0
donut,0.7567567567567568,0.8484848484848485,0.8,132.0
door,0.8527131782945736,0.7284768211920529,0.7857142857142857,151.0
dragon,0.41975308641975306,0.4788732394366197,0.4473684210526316,142.0
dresser,0.689922480620155,0.6357142857142857,0.6617100371747212,140.0
drill,0.8761904761904762,0.6814814814814815,0.7666666666666667,135.0
drums,0.8,0.7837837837837838,0.7918088737201365,148.0
duck,0.577639751552795,0.6118421052631579,0.5942492012779552,152.0
dumbbell,0.8246753246753247,0.8246753246753247,0.8246753246753247,154.0
ear,0.8235294117647058,0.8860759493670886,0.8536585365853658,158.0
elbow,0.6838235294117647,0.636986301369863,0.6595744680851063,146.0
elephant,0.7337662337662337,0.6932515337423313,0.7129337539432177,163.0
envelope,0.8333333333333334,0.9507042253521126,0.8881578947368421,142.0
eraser,0.6717557251908397,0.5906040268456376,0.6285714285714286,149.0
eye,0.861271676300578,0.9141104294478528,0.8869047619047619,163.0
eyeglasses,0.8931297709923665,0.8297872340425532,0.8602941176470589,141.0
face,0.7291666666666666,0.6818181818181818,0.7046979865771812,154.0
fan,0.7258064516129032,0.6,0.656934306569343,150.0
feather,0.6413793103448275,0.6241610738255033,0.6326530612244898,149.0
fence,0.676829268292683,0.74,0.7070063694267515,150.0
finger,0.7086092715231788,0.722972972972973,0.7157190635451505,148.0
fire hydrant,0.6344827586206897,0.6301369863013698,0.6323024054982818,146.0
fireplace,0.6625766871165644,0.7605633802816901,0.7081967213114754,142.0
firetruck,0.632,0.5683453237410072,0.5984848484848485,139.0
fish,0.808641975308642,0.8733333333333333,0.8397435897435898,150.0
flamingo,0.8333333333333334,0.7232704402515723,0.7744107744107744,159.0
flashlight,0.7890625,0.7651515151515151,0.7769230769230769,132.0
flip flops,0.6888888888888889,0.8378378378378378,0.7560975609756098,148.0
floor lamp,0.8102189781021898,0.7302631578947368,0.7681660899653979,152.0
flower,0.8072289156626506,0.8271604938271605,0.8170731707317073,162.0
flying saucer,0.7391304347826086,0.6439393939393939,0.6882591093117408,132.0
foot,0.69375,0.8043478260869565,0.7449664429530202,138.0
fork,0.73125,0.8478260869565217,0.785234899328859,138.0
frog,0.652542372881356,0.4723926380368098,0.5480427046263345,163.0
frying pan,0.7604790419161677,0.7696969696969697,0.7650602409638554,165.0
garden,0.5222222222222223,0.6762589928057554,0.5893416927899686,139.0
garden hose,0.4,0.27631578947368424,0.32684824902723736,152.0
giraffe,0.9206349206349206,0.8592592592592593,0.8888888888888888,135.0
goatee,0.7718120805369127,0.732484076433121,0.7516339869281046,157.0
golf club,0.5957446808510638,0.7671232876712328,0.6706586826347305,146.0
grapes,0.6846153846153846,0.6267605633802817,0.6544117647058824,142.0
grass,0.5442477876106194,0.7884615384615384,0.643979057591623,156.0
guitar,0.5867346938775511,0.7098765432098766,0.6424581005586593,162.0
hamburger,0.7402597402597403,0.7755102040816326,0.7574750830564784,147.0
hammer,0.7459016393442623,0.7338709677419355,0.7398373983739838,124.0
hand,0.8450704225352113,0.916030534351145,0.8791208791208791,131.0
harp,0.8378378378378378,0.8920863309352518,0.8641114982578397,139.0
hat,0.6792452830188679,0.7659574468085106,0.72,141.0
headphones,0.9272727272727272,0.9444444444444444,0.9357798165137615,162.0
hedgehog,0.7171052631578947,0.7785714285714286,0.7465753424657534,140.0
helicopter,0.8662420382165605,0.8607594936708861,0.8634920634920635,158.0
helmet,0.7424242424242424,0.6901408450704225,0.7153284671532847,142.0
hexagon,0.7636363636363637,0.6268656716417911,0.6885245901639344,134.0
hockey puck,0.5632183908045977,0.6621621621621622,0.6086956521739131,148.0
hockey stick,0.6746987951807228,0.417910447761194,0.5161290322580645,134.0
horse,0.6203208556149733,0.7891156462585034,0.6946107784431138,147.0
hospital,0.6759776536312849,0.8066666666666666,0.7355623100303952,150.0
hot air balloon,0.743801652892562,0.6666666666666666,0.703125,135.0
hot dog,0.6369047619047619,0.66875,0.6524390243902439,160.0
hot tub,0.5944055944055944,0.5,0.5431309904153354,170.0
hourglass,0.8823529411764706,0.9183673469387755,0.9,147.0
house,0.751412429378531,0.8986486486486487,0.8184615384615385,148.0
house plant,0.8299319727891157,0.8591549295774648,0.8442906574394463,142.0
hurricane,0.3005181347150259,0.42028985507246375,0.3504531722054381,138.0
ice cream,0.8641975308641975,0.9333333333333333,0.8974358974358975,150.0
jacket,0.6917293233082706,0.6618705035971223,0.6764705882352942,139.0
jail,0.7450980392156863,0.7972027972027972,0.7702702702702703,143.0
kangaroo,0.7681159420289855,0.7412587412587412,0.7544483985765125,143.0
key,0.7375886524822695,0.7172413793103448,0.7272727272727273,145.0
keyboard,0.4899328859060403,0.5615384615384615,0.5232974910394266,130.0
knee,0.7633587786259542,0.7194244604316546,0.7407407407407407,139.0
knife,0.5957446808510638,0.6511627906976745,0.6222222222222222,129.0
ladder,0.9246575342465754,0.9375,0.9310344827586207,144.0
lantern,0.76,0.5714285714285714,0.6523605150214592,133.0
laptop,0.6666666666666666,0.8266666666666667,0.7380952380952381,150.0
leaf,0.7887323943661971,0.717948717948718,0.7516778523489933,156.0
leg,0.5416666666666666,0.582089552238806,0.5611510791366906,134.0
light bulb,0.7032967032967034,0.810126582278481,0.7529411764705882,158.0
lighter,0.839622641509434,0.6793893129770993,0.7510548523206751,131.0
lighthouse,0.6783625730994152,0.7733333333333333,0.7227414330218068,150.0
lightning,0.8220338983050848,0.7132352941176471,0.7637795275590551,136.0
line,0.5426008968609866,0.8768115942028986,0.6703601108033241,138.0
lion,0.7304964539007093,0.6912751677852349,0.7103448275862069,149.0
lipstick,0.6878612716763006,0.7628205128205128,0.723404255319149,156.0
lobster,0.5689655172413793,0.4489795918367347,0.5019011406844106,147.0
lollipop,0.6358695652173914,0.841726618705036,0.7244582043343654,139.0
mailbox,0.7867647058823529,0.7925925925925926,0.7896678966789668,135.0
map,0.6127167630057804,0.7066666666666667,0.6563467492260062,150.0
marker,0.4367816091954023,0.2375,0.3076923076923077,160.0
matches,0.5639097744360902,0.5357142857142857,0.5494505494505495,140.0
megaphone,0.8741258741258742,0.8064516129032258,0.8389261744966443,155.0
mermaid,0.8832116788321168,0.8066666666666666,0.8432055749128919,150.0
microphone,0.7236842105263158,0.7638888888888888,0.7432432432432432,144.0
microwave,0.8363636363636363,0.8466257668711656,0.8414634146341463,163.0
monkey,0.5465116279069767,0.6394557823129252,0.5893416927899686,147.0
moon,0.6666666666666666,0.6713286713286714,0.6689895470383276,143.0
mosquito,0.525,0.4772727272727273,0.5,132.0
motorbike,0.708029197080292,0.708029197080292,0.708029197080292,137.0
mountain,0.7375886524822695,0.8253968253968254,0.7790262172284644,126.0
mouse,0.7087378640776699,0.5177304964539007,0.5983606557377049,141.0
moustache,0.8939393939393939,0.7151515151515152,0.7946127946127947,165.0
mouth,0.7329192546583851,0.8082191780821918,0.7687296416938111,146.0
mug,0.5021097046413502,0.7880794701986755,0.6134020618556701,151.0
mushroom,0.8288770053475936,0.8707865168539326,0.8493150684931506,178.0
nail,0.7142857142857143,0.6551724137931034,0.6834532374100719,145.0
necklace,0.7364341085271318,0.6985294117647058,0.7169811320754716,136.0
nose,0.7430555555555556,0.7430555555555556,0.7430555555555556,144.0
ocean,0.7272727272727273,0.5194805194805194,0.6060606060606061,154.0
octagon,0.7454545454545455,0.6119402985074627,0.6721311475409836,134.0
octopus,0.8251748251748252,0.921875,0.8708487084870848,128.0
onion,0.7481481481481481,0.7372262773722628,0.7426470588235294,137.0
oven,0.6627906976744186,0.4222222222222222,0.5158371040723982,135.0
owl,0.6604938271604939,0.6858974358974359,0.6729559748427673,156.0
paint can,0.577922077922078,0.577922077922078,0.577922077922078,154.0
paintbrush,0.6981132075471698,0.5323741007194245,0.6040816326530613,139.0
palm tree,0.8413793103448276,0.8026315789473685,0.8215488215488216,152.0
panda,0.6402439024390244,0.7094594594594594,0.6730769230769231,148.0
pants,0.8273381294964028,0.7986111111111112,0.8127208480565371,144.0
paper clip,0.7669172932330827,0.8095238095238095,0.7876447876447876,126.0
parachute,0.9044117647058824,0.7987012987012987,0.8482758620689655,154.0
parrot,0.6142857142857143,0.6231884057971014,0.6187050359712231,138.0
passport,0.5673758865248227,0.6504065040650406,0.6060606060606061,123.0
peanut,0.7664233576642335,0.695364238410596,0.7291666666666666,151.0
pear,0.8148148148148148,0.7857142857142857,0.8,140.0
peas,0.6412213740458015,0.5874125874125874,0.6131386861313869,143.0
pencil,0.37453183520599254,0.6944444444444444,0.48661800486618007,144.0
penguin,0.7530120481927711,0.78125,0.7668711656441718,160.0
piano,0.6143790849673203,0.6394557823129252,0.6266666666666667,147.0
pickup truck,0.608,0.5846153846153846,0.596078431372549,130.0
picture frame,0.788235294117647,0.8758169934640523,0.8297213622291022,153.0
pig,0.5985915492957746,0.6640625,0.6296296296296297,128.0
pillow,0.6453900709219859,0.6691176470588235,0.6570397111913358,136.0
pineapple,0.7329842931937173,0.9210526315789473,0.8163265306122449,152.0
pizza,0.6791044776119403,0.674074074074074,0.6765799256505576,135.0
pliers,0.5416666666666666,0.5234899328859061,0.5324232081911263,149.0
police car,0.7333333333333333,0.5579710144927537,0.6337448559670782,138.0
pond,0.4502923976608187,0.4873417721518987,0.46808510638297873,158.0
pool,0.43859649122807015,0.33112582781456956,0.37735849056603776,151.0
popsicle,0.8435374149659864,0.7701863354037267,0.8051948051948052,161.0
postcard,0.8333333333333334,0.5769230769230769,0.6818181818181818,156.0
potato,0.45454545454545453,0.7196969696969697,0.5571847507331378,132.0
power outlet,0.8130081300813008,0.6666666666666666,0.7326007326007326,150.0
purse,0.6666666666666666,0.6871165644171779,0.676737160120846,163.0
rabbit,0.7058823529411765,0.8695652173913043,0.7792207792207793,138.0
raccoon,0.5042735042735043,0.39864864864864863,0.44528301886792454,148.0
radio,0.7741935483870968,0.6857142857142857,0.7272727272727273,140.0
rain,0.8012820512820513,0.8278145695364238,0.8143322475570033,151.0
rainbow,0.7584269662921348,0.9440559440559441,0.8411214953271028,143.0
rake,0.7950819672131147,0.6830985915492958,0.7348484848484849,142.0
remote control,0.6690647482014388,0.6739130434782609,0.6714801444043321,138.0
rhinoceros,0.7195121951219512,0.7866666666666666,0.7515923566878981,150.0
rifle,0.6821705426356589,0.6567164179104478,0.6692015209125475,134.0
river,0.6268656716417911,0.5957446808510638,0.610909090909091,141.0
roller coaster,0.6714285714285714,0.5949367088607594,0.6308724832214765,158.0
rollerskates,0.9327731092436975,0.8161764705882353,0.8705882352941177,136.0
sailboat,0.8682634730538922,0.9539473684210527,0.9090909090909091,152.0
sandwich,0.635593220338983,0.6097560975609756,0.6224066390041494,123.0
saw,0.7669172932330827,0.7391304347826086,0.7527675276752768,138.0
saxophone,0.8391608391608392,0.8163265306122449,0.8275862068965517,147.0
school bus,0.46153846153846156,0.6071428571428571,0.5244215938303342,168.0
scissors,0.703030303030303,0.8656716417910447,0.7759197324414716,134.0
scorpion,0.8549618320610687,0.7832167832167832,0.8175182481751825,143.0
screwdriver,0.625,0.625,0.625,144.0
sea turtle,0.7159763313609467,0.7289156626506024,0.7223880597014926,166.0
see saw,0.8787878787878788,0.8111888111888111,0.8436363636363636,143.0
shark,0.6020942408376964,0.7419354838709677,0.6647398843930635,155.0
sheep,0.7928571428571428,0.7928571428571428,0.7928571428571428,140.0
shoe,0.8345864661654135,0.7928571428571428,0.8131868131868132,140.0
shorts,0.7297297297297297,0.8372093023255814,0.779783393501805,129.0
shovel,0.8053097345132744,0.6893939393939394,0.7428571428571429,132.0
sink,0.7105263157894737,0.75,0.7297297297297297,144.0
skateboard,0.8177083333333334,0.9457831325301205,0.8770949720670391,166.0
skull,0.8343949044585988,0.903448275862069,0.8675496688741722,145.0
skyscraper,0.6511627906976745,0.535031847133758,0.5874125874125874,157.0
sleeping bag,0.5524475524475524,0.5602836879432624,0.5563380281690141,141.0
smiley face,0.7248322147651006,0.84375,0.779783393501805,128.0
snail,0.7556818181818182,0.910958904109589,0.8260869565217391,146.0
snake,0.6705882352941176,0.7037037037037037,0.6867469879518072,162.0
snorkel,0.8461538461538461,0.7615384615384615,0.8016194331983806,130.0
snowflake,0.8195488721804511,0.8515625,0.8352490421455939,128.0
snowman,0.8461538461538461,0.9041095890410958,0.8741721854304636,146.0
soccer ball,0.6815286624203821,0.7086092715231788,0.6948051948051948,151.0
sock,0.8478260869565217,0.8125,0.8297872340425532,144.0
speedboat,0.5789473684210527,0.5968992248062015,0.5877862595419847,129.0
spider,0.7672955974842768,0.7922077922077922,0.7795527156549521,154.0
spoon,0.6384180790960452,0.7151898734177216,0.6746268656716418,158.0
spreadsheet,0.6210526315789474,0.7421383647798742,0.6762177650429799,159.0
square,0.676923076923077,0.8516129032258064,0.7542857142857143,155.0
squiggle,0.49514563106796117,0.3591549295774648,0.4163265306122449,142.0
squirrel,0.7228915662650602,0.8391608391608392,0.7766990291262136,143.0
stairs,0.8848484848484849,0.8957055214723927,0.8902439024390244,163.0
star,0.9015151515151515,0.9153846153846154,0.9083969465648855,130.0
steak,0.5612244897959183,0.3873239436619718,0.4583333333333333,142.0
stereo,0.64,0.6837606837606838,0.6611570247933884,117.0
stethoscope,0.8872180451127819,0.7866666666666666,0.833922261484099,150.0
stitches,0.9439252336448598,0.7062937062937062,0.808,143.0
stop sign,0.9083969465648855,0.8040540540540541,0.8530465949820788,148.0
stove,0.6962962962962963,0.6025641025641025,0.6460481099656358,156.0
strawberry,0.8716216216216216,0.8164556962025317,0.8431372549019608,158.0
streetlight,0.819672131147541,0.746268656716418,0.78125,134.0
string bean,0.43258426966292135,0.4583333333333333,0.44508670520231214,168.0
submarine,0.7756410256410257,0.7610062893081762,0.7682539682539683,159.0
suitcase,0.7021276595744681,0.6428571428571429,0.6711864406779661,154.0
sun,0.8662420382165605,0.9066666666666666,0.8859934853420195,150.0
swan,0.6644736842105263,0.7481481481481481,0.7038327526132404,135.0
sweater,0.7209302325581395,0.6888888888888889,0.7045454545454546,135.0
swing set,0.8982035928143712,0.9146341463414634,0.9063444108761329,164.0
sword,0.8031496062992126,0.796875,0.8,128.0
syringe,0.8951612903225806,0.7449664429530202,0.8131868131868132,149.0
t-shirt,0.8363636363636363,0.8414634146341463,0.8389057750759878,164.0
table,0.7471264367816092,0.8227848101265823,0.7831325301204819,158.0
teapot,0.8115942028985508,0.8,0.8057553956834532,140.0
teddy-bear,0.7834394904458599,0.7834394904458599,0.7834394904458599,157.0
telephone,0.7383177570093458,0.5683453237410072,0.6422764227642277,139.0
television,0.9171974522292994,0.8834355828220859,0.9,163.0
tennis racquet,0.8064516129032258,0.7633587786259542,0.7843137254901961,131.0
tent,0.8253012048192772,0.8106508875739645,0.817910447761194,169.0
tiger,0.5294117647058824,0.4144736842105263,0.46494464944649444,152.0
toaster,0.7293233082706767,0.6689655172413793,0.697841726618705,145.0
toe,0.7636363636363637,0.6614173228346457,0.7088607594936709,127.0
toilet,0.8482758620689655,0.8367346938775511,0.8424657534246576,147.0
tooth,0.8111888111888111,0.7891156462585034,0.8,147.0
toothbrush,0.574468085106383,0.8244274809160306,0.677115987460815,131.0
toothpaste,0.5853658536585366,0.5070422535211268,0.5433962264150943,142.0
tornado,0.5408805031446541,0.7478260869565218,0.6277372262773723,115.0
tractor,0.6629834254143646,0.7947019867549668,0.7228915662650602,151.0
traffic light,0.8636363636363636,0.875,0.869281045751634,152.0
train,0.6944444444444444,0.8,0.7434944237918215,125.0
tree,0.8235294117647058,0.7538461538461538,0.7871485943775101,130.0
triangle,0.891566265060241,0.9135802469135802,0.9024390243902439,162.0
trombone,0.4666666666666667,0.4605263157894737,0.46357615894039733,152.0
truck,0.564625850340136,0.5570469798657718,0.5608108108108109,149.0
trumpet,0.5471698113207547,0.6444444444444445,0.5918367346938775,135.0
umbrella,0.9545454545454546,0.9375,0.9459459459459459,112.0
underwear,0.8387096774193549,0.6933333333333334,0.7591240875912408,150.0
van,0.6390977443609023,0.5182926829268293,0.5723905723905723,164.0
vase,0.8731343283582089,0.7048192771084337,0.78,166.0
violin,0.66,0.44,0.528,150.0
washing machine,0.7345679012345679,0.8686131386861314,0.7959866220735786,137.0
watermelon,0.6569767441860465,0.7583892617449665,0.7040498442367601,149.0
waterslide,0.6764705882352942,0.609271523178808,0.6411149825783972,151.0
whale,0.8055555555555556,0.635036496350365,0.710204081632653,137.0
wheel,0.6789473684210526,0.832258064516129,0.7478260869565218,155.0
windmill,0.7931034482758621,0.8041958041958042,0.7986111111111112,143.0
wine bottle,0.837037037037037,0.8432835820895522,0.8401486988847584,134.0
wine glass,0.9261744966442953,0.8734177215189873,0.8990228013029316,158.0
wristwatch,0.7638888888888888,0.7482993197278912,0.7560137457044673,147.0
yoga,0.6417910447761194,0.6099290780141844,0.6254545454545455,141.0
zebra,0.7756410256410257,0.7423312883435583,0.7586206896551724,163.0
zigzag,0.7307692307692307,0.8260869565217391,0.7755102040816326,138.0
accuracy,0.70698,0.70698,0.70698,0.70698
macro avg,0.710874944632936,0.7066271495421043,0.7043016597429306,50000.0
weighted avg,0.7116305078538689,0.70698,0.7048341302649935,50000.0
